bplist00Ñ_WebMainResourceÕ	
_WebResourceData_WebResourceMIMEType_WebResourceTextEncodingName^WebResourceURL_WebResourceFrameNameO(<html><head></head><body><pre style="word-wrap: break-word; white-space: pre-wrap;">e_min,e_max,e_mean,file_name
1905.5999755859375,1998.199951171875,1947.176206756554,activity_1793174181
1658.199951171875,2174.39990234375,1933.3518940604263,activity_1795087206
1630.800048828125,2161.60009765625,1928.3450124327574,activity_1796948223
1639.5999755859375,2156.39990234375,1914.4689359624335,activity_1807164244
1480.5999755859375,1567,1496.7838652713365,activity_1810645956
1558.5999755859375,1614.4000244140625,1599.0982729155442,activity_1810645990
1516,1666.5999755859375,1530.319858473915,activity_1821205901
1667,2160.60009765625,1924.3585242906827,activity_1823885332
1542.5999755859375,1676.4000244140625,1603.1967400592307,activity_1837331567
1583.5999755859375,2309.800048828125,1939.7477153663253,activity_1860237077
1866.199951171875,2373.800048828125,2145.3242865554425,activity_1887485233
1551,1727.199951171875,1634.6525269435426,activity_1922120241
1445.800048828125,1500,1491.0717986278046,activity_1952392329
1502.800048828125,1562.199951171875,1551.3996550352103,activity_1952392342
2386.39990234375,3902.39990234375,3141.433113325932,activity_1981435936
1520,1636.199951171875,1528.9814847108548,activity_1981435953
1646.199951171875,1793.4000244140625,1727.4612967560474,activity_1981435976
1550.199951171875,2345,1955.8229248349403,activity_1981436006
1535.800048828125,1683.5999755859375,1557.4572337408486,activity_1987680383
1544.800048828125,1726.5999755859375,1665.5381250438577,activity_1989508512
1524.4000244140625,1575.199951171875,1529.4111084600893,activity_1997069753
2612.60009765625,3077.39990234375,2843.0501942123865,activity_1997069776
1455,1515.5999755859375,1499.815897998722,activity_2004695632
1618.5999755859375,2166.60009765625,1934.5053040796397,activity_2009115171
1554.199951171875,1787.800048828125,1679.5255660633736,activity_2023326228
1468,1513.4000244140625,1499.5373662578288,activity_2045546421
1496,1531.199951171875,1511.7168643727023,activity_2045546433
1637,1784.4000244140625,1706.0176073245432,activity_2062829011
1481.199951171875,1514.800048828125,1501.0295393899912,activity_2090188677
1636.4000244140625,1977.800048828125,1790.4824919658174,activity_2199856360
1578.4000244140625,1956.5999755859375,1690.5670155607681,activity_2199856395
1489.5999755859375,1522.4000244140625,1506.5470918167468,activity_2199856424
1515.800048828125,2167.60009765625,1793.7111935023158,activity_2328455702
1460.199951171875,1497.4000244140625,1479.5832564123145,activity_2328455738
1498.199951171875,1514.199951171875,1505.1333291572437,activity_2344293398
1501.199951171875,1600.4000244140625,1506.6610041437923,activity_2344293409
1196.4000244140625,1740,1527.3031601778314,activity_2344293421
1684.800048828125,2057.39990234375,1855.1996639516262,activity_2385077962
1415,1560.800048828125,1553.5045424952652,activity_2385077968
1636.199951171875,1972.800048828125,1800.073981210356,activity_2385077972
1520,1558.5999755859375,1527.4352620442708,activity_2385077979
1504.800048828125,1525.800048828125,1517.8020992679196,activity_2385077988
1564.199951171875,1674.4000244140625,1585.4419685053365,activity_2385077995
1499.800048828125,1594.4000244140625,1511.7318944710612,activity_2405561309
1428.4000244140625,1518.800048828125,1508.3614208549702,activity_2405561315
1510,1606,1557.1802381741463,activity_2405561318
1511,1612.5999755859375,1526.6635065304724,activity_2405561323
1489.800048828125,1560.5999755859375,1538.3329638536618,activity_2405561328
1492.800048828125,1549.5999755859375,1517.037144003109,activity_2405561336
1643.4000244140625,1802.4000244140625,1715.1456841077302,activity_2405561345
1453.800048828125,1579.199951171875,1558.104998779297,activity_2418711478
1509.800048828125,1533.5999755859375,1519.4666633374763,activity_2418711495
168.1999969482422,1546,1532.2965269143872,activity_2418711504
1494.5999755859375,1565.800048828125,1534.5952424910263,activity_2418711524
1577.5999755859375,1620,1589.5821774926517,activity_2432246301
1489.199951171875,1509,1497.2512822599492,activity_2432246365
2470.199951171875,2668.800048828125,2547.3469719843033,activity_2433100768
1555.199951171875,1750.5999755859375,1667.0075119106755,activity_2445370951
1495.5999755859375,1614.800048828125,1503.5275557668585,activity_2445370973
1553,1648.800048828125,1567.3056245980015,activity_2445370983
1601.800048828125,1777.5999755859375,1693.991136034181,activity_2447458788
1499.4000244140625,1551.800048828125,1505.7293600379874,activity_2470854207
1174.4000244140625,1444.199951171875,1395.9315459185455,activity_2470854297
1209.5999755859375,1471.5999755859375,1353.706382076524,activity_2470854354
1634.800048828125,2160.199951171875,1916.239960113129,activity_2470854379
1491,1545,1499.1740423782035,activity_2486962438
1576.4000244140625,1673.199951171875,1614.2830442217228,activity_2486962465
1571.199951171875,1637.800048828125,1612.6701983521316,activity_2486962476
1466.4000244140625,1516.800048828125,1510.171806167401,activity_2486962492
1519,1553,1534.0930495644636,activity_2521895186
1466.199951171875,1474.5999755859375,1469.0658037739415,activity_2521895191
1227,1734.5999755859375,1507.3307021101161,activity_2521895201
1548.4000244140625,1558.199951171875,1551.9501888635023,activity_2521895205
1596.4000244140625,1747.5999755859375,1678.6670301057986,activity_2521895217
1501.199951171875,1513,1506.658182040128,activity_2535420228
1668,2179,1904.758262921536,activity_2535420236
1535.5999755859375,1599.800048828125,1558.2972337323215,activity_2535420241
1404,1537.5999755859375,1526.6960232276815,activity_2607932855
1509.5999755859375,1521.5999755859375,1514.4834680478434,activity_2607932869
1635.4000244140625,2143,1929.688736405738,activity_2607932886
1613.4000244140625,1624.4000244140625,1617.099995229436,activity_2607932896
1532.5999755859375,1742.199951171875,1596.3574732987047,activity_2607932903
1510.5999755859375,1558.4000244140625,1541.1585518102372,activity_2607932924
1511.4000244140625,1533.800048828125,1521.8449508219667,activity_2607932935
1566.5999755859375,1726.4000244140625,1661.1591920178346,activity_2607932942
1600.800048828125,2110.60009765625,1864.9937083972206,activity_2607932961
1534.199951171875,1599,1548.8428149628849,activity_2607932972
1520.199951171875,1685.4000244140625,1589.690059907255,activity_2607932982
1513.4000244140625,1527,1519.803626484021,activity_2607932993
1549.800048828125,1612,1568.0793324788413,activity_2627628977
1497.199951171875,1653.800048828125,1503.881461563806,activity_2627628980
1341.199951171875,1725,1591.152588522459,activity_2627628984
1537,1709.800048828125,1543.0464281354632,activity_2638896555
1547.4000244140625,2156,1938.0380483813558,activity_2638896568
1600.4000244140625,1991,1821.1804090923583,activity_2652390705
1501.800048828125,1684.5999755859375,1605.1339929158933,activity_2652390709
1356,1542.4000244140625,1524.4593413635926,activity_2652390713
1523.5999755859375,1573.800048828125,1526.7521493563088,activity_2666814653
1637.5999755859375,2134,1900.5926511742673,activity_2666814670
1533.4000244140625,1685.199951171875,1612.9697194703867,activity_2666814689
1476,1518.5999755859375,1490.1069733375728,activity_2666814697
1529,2167.199951171875,1929.3776981018143,activity_2666814710
1436,1518.5999755859375,1508.6926977895473,activity_2684643065
1486,1523,1500.7383032378202,activity_2684643074
1547.4000244140625,1589,1554.827746793714,activity_2684643081
1536.199951171875,1604.199951171875,1545.3182961068503,activity_2692163540
1593.800048828125,2153.800048828125,1885.8540291775216,activity_2711996314
1562.4000244140625,1663.199951171875,1590.8641822017842,activity_2711996324
1558.800048828125,1728.800048828125,1653.6894842974618,activity_2711996329
1542.4000244140625,1610,1548.6250801715914,activity_2711996336
1502.4000244140625,1757.5999755859375,1682.3006280127993,activity_2711996341
1562.4000244140625,2061,1803.285226041806,activity_2729796008
1574.5999755859375,1731.5999755859375,1662.849139088598,activity_2729796018
1521.5999755859375,1530.4000244140625,1525.3289598141862,activity_2729796027
2450.39990234375,2662.39990234375,2546.9189991455078,activity_2732325360
1504.199951171875,1659.199951171875,1561.8314946283324,activity_2749605443
1480.5999755859375,1522.800048828125,1519.3529423732384,activity_2749605472
1446.4000244140625,1723.199951171875,1624.2524311251204,activity_2749605541
1472.4000244140625,1630.199951171875,1537.4576040522843,activity_2749605579
1491.5999755859375,1641.800048828125,1600.055979853091,activity_2749605631
1658.4000244140625,2138.199951171875,1919.2478607354137,activity_2785357118
1525.199951171875,1544.5999755859375,1530.471427242772,activity_2785357129
2768.199951171875,2979,2899.8053502066978,activity_2785357146
1585.800048828125,1737.5999755859375,1647.828927664512,activity_2785357156
1512.5999755859375,1593.5999755859375,1528.194756440009,activity_2785357167
1533.199951171875,1734,1670.29072265625,activity_2817076050
1489.800048828125,1536.4000244140625,1495.2652890544293,activity_2817076053
1549.199951171875,1763.800048828125,1659.8128897145446,activity_2817076063
1521.199951171875,1547.199951171875,1530.5369642197572,activity_2817076074
1636.800048828125,2050.199951171875,1811.0550370300446,activity_2817076083
1507.5999755859375,1564.4000244140625,1510.0016379434555,activity_2817076090
2183.199951171875,3434.60009765625,2876.8617635650025,activity_2817076099
1647,2129.60009765625,1886.215786829651,activity_2847337185
860.20001220703125,1404.800048828125,866.617415889617,activity_2847337197
975.20001220703125,1627,1583.8159422974486,activity_2847337220
1656.5999755859375,2127.199951171875,1873.0291041465684,activity_2847337234
2478.800048828125,2664.199951171875,2560.1950738972373,activity_2847337251
1625,1725.4000244140625,1638.0759868006553,activity_2847337261
1522.800048828125,1545,1531.9266036380686,activity_2847337274
1484.199951171875,1529.199951171875,1520.6107488379257,activity_2847337284
1657.800048828125,2135.800048828125,1917.475772812361,activity_2878383053
1554.5999755859375,1724.800048828125,1630.717833747007,activity_2878383061
1513.5999755859375,1577,1539.1453502566314,activity_2878383067
1476.199951171875,1715.800048828125,1641.770461363181,activity_2878383075
</pre></body></html>Ztext/plainUUTF-8_dhttps://raw.githubusercontent.com/nickgood/RProgrammingForResearch/master/data/running/elevation.csvP    ( : P n } ”(·(Â(È)/                           )0